"Experiment","Role","Path","Bytes","Modified"
"01","Document / other","planning-iterations/generation-prompts.md","4103","2026-09-09 14:53:41"
"01","Document / other","planning-iterations/README.md","2336","2026-09-09 14:53:41"
"01","Image","planning-iterations/C2-landscape-with-actual-interiors.png","11875775","2026-09-09 14:51:35"
"01","Image","planning-iterations/interior-overlay-preview.jpg","37136","2026-09-09 14:44:36"
"01","Image","planning-iterations/option-a-generated.png","2577788","2026-09-09 14:14:48"
"01","Image","planning-iterations/option-a-masses-only.jpg","44019","2026-09-09 14:13:08"
"01","Image","planning-iterations/option-a-rhino.jpg","51304","2026-09-09 14:09:14"
"01","Image","planning-iterations/option-b-generated.png","2827962","2026-09-09 14:15:36"
"01","Image","planning-iterations/option-b-masses-only.jpg","44126","2026-09-09 14:13:09"
"01","Image","planning-iterations/option-b-rhino.jpg","49147","2026-09-09 14:09:15"
"01","Image","planning-iterations/option-c2-generated.png","2671428","2026-09-09 14:22:49"
"01","Image","planning-iterations/option-c-generated.png","2749279","2026-09-09 14:16:26"
"01","Image","planning-iterations/option-c-masses-only.jpg","43332","2026-09-09 14:13:10"
"01","Image","planning-iterations/option-c-rhino.jpg","49254","2026-09-09 14:09:16"
"01","Rhino model","planning-iterations/C2-campus-interior-presentation.3dm","17887232","2026-09-09 14:51:36"
"02","Document / other","planning-iterations/interior-led/prompts.md","6451","2026-09-09 15:18:28"
"02","Document / other","planning-iterations/interior-led/README.md","3125","2026-09-09 15:18:28"
"02","Image","planning-iterations/interior-led/detail-0.jpg","70166","2026-09-09 15:00:01"
"02","Image","planning-iterations/interior-led/detail-1.jpg","43691","2026-09-09 15:00:01"
"02","Image","planning-iterations/interior-led/detail-2.jpg","44078","2026-09-09 15:00:02"
"02","Image","planning-iterations/interior-led/detail-3.jpg","60927","2026-09-09 15:00:02"
"02","Image","planning-iterations/interior-led/E-exact-interior.jpg","37461","2026-09-09 15:10:08"
"02","Image","planning-iterations/interior-led/generated-draft.png","3402211","2026-09-09 15:05:42"
"02","Image","planning-iterations/interior-led/generated-refined.png","3175390","2026-09-09 15:08:41"
"02","Image","planning-iterations/interior-led/interior-led-garden-campus-final.png","2956371","2026-09-09 15:12:30"
"02","Image","planning-iterations/interior-led/oriented-detail-0.jpg","65991","2026-09-09 15:03:55"
"02","Image","planning-iterations/interior-led/oriented-detail-1.jpg","53964","2026-09-09 15:03:55"
"02","Image","planning-iterations/interior-led/oriented-detail-2.jpg","46745","2026-09-09 15:03:55"
"02","Image","planning-iterations/interior-led/oriented-detail-3.jpg","56669","2026-09-09 15:03:55"
"02","Image","planning-iterations/interior-led/rhino-actual-plans.jpg","49940","2026-09-09 15:03:03"
"02","Image","planning-iterations/interior-led/rhino-actual-plans-hires.png","361379","2026-09-09 15:03:51"
"02","Image","planning-iterations/interior-led/rhino-final.jpg","63322","2026-09-09 15:15:32"
"02","Rhino model","planning-iterations/interior-led/interior-led-garden-campus.3dm","35913728","2026-09-09 15:16:47"
"03","Data / report","planning-iterations/image-first-three/option-layouts.json","12376","2026-09-10 12:12:04"
"03","Data / report","planning-iterations/image-first-three/spacing-audit.json","17642","2026-09-10 12:06:14"
"03","Data / report","planning-iterations/image-first-three/translation-checks.json","24041","2026-09-10 12:12:04"
"03","Document / other","planning-iterations/image-first-three/prompts.md","7208","2026-09-09 15:44:46"
"03","Document / other","planning-iterations/image-first-three/README.md","2167","2026-09-10 12:12:33"
"03","Image","planning-iterations/image-first-three/01-imagined.png","3242869","2026-09-09 15:26:30"
"03","Image","planning-iterations/image-first-three/01-rhino.jpg","56830","2026-09-09 15:40:21"
"03","Image","planning-iterations/image-first-three/02-imagined.png","3186543","2026-09-09 15:27:36"
"03","Image","planning-iterations/image-first-three/02-rhino.jpg","55702","2026-09-09 15:40:21"
"03","Image","planning-iterations/image-first-three/03-imagined.png","3107387","2026-09-09 15:30:29"
"03","Image","planning-iterations/image-first-three/03-rhino.jpg","57726","2026-09-09 15:40:22"
"03","Image","planning-iterations/image-first-three/origin-sync-check.jpg","16915","2026-09-10 13:55:35"
"03","Image","planning-iterations/image-first-three/rhino-comparison.jpg","57657","2026-09-09 15:44:47"
"03","Image","planning-iterations/image-first-three/rhino-comparison-spacing-rules.jpg","57648","2026-09-10 12:12:58"
"03","Rhino model","planning-iterations/image-first-three/three-image-first-layouts.3dm","36605952","2026-09-10 13:55:36"
"03","Rhino model","planning-iterations/image-first-three/three-image-first-layouts-spacing-rules.3dm","36626432","2026-09-10 12:12:56"
"04","Document / other","output/archive/terrain-experiments/terrain-studies-notes.md","2376","2026-09-10 10:31:47"
"04","Image","output/archive/terrain-experiments/downhill-option-I.jpg","42829","2026-09-10 10:57:21"
"04","Image","output/archive/terrain-experiments/selected-site.jpg","37361","2026-09-10 10:09:33"
"04","Image","output/archive/terrain-experiments/terrain-perspective.jpg","44227","2026-09-10 10:30:51"
"04","Image","output/archive/terrain-experiments/three-terrain-top.jpg","59792","2026-09-10 10:31:46"
"04","Image","output/archive/terrain-experiments/view-oriented-I.jpg","43052","2026-09-10 10:51:37"
"04","Rhino model","output/archive/terrain-experiments/site-before-terrain-studies.3dm","102400","2026-09-10 10:11:25"
"04","Rhino model","output/archive/terrain-experiments/three-resort-options-downhill.3dm","892928","2026-09-10 10:57:57"
"04","Rhino model","output/archive/terrain-experiments/three-resort-options-view-oriented.3dm","884736","2026-09-10 10:51:57"
"05","Document / other","output/archive/terrain-experiments/current-plan-clearance-audit.md","3495","2026-09-10 14:38:55"
"05","Document / other","output/archive/terrain-experiments/visibility-audit-v2-report.md","2444","2026-09-10 15:05:22"
"05","Image","output/archive/terrain-experiments/visibility-regraded-G-perspective.jpg","44968","2026-09-10 15:04:44"
"05","Rhino model","output/archive/terrain-experiments/three-resort-terrain-options-visibility-regraded.3dm","1249280","2026-09-10 15:02:43"
"06","Data / report","output/archive/terrain-experiments/natural-terrain-input.json","89233","2026-09-10 15:51:26"
"06","Data / report","output/archive/terrain-experiments/natural-terrain-solved.json","3313139","2026-09-10 15:51:32"
"06","Data / report","output/archive/terrain-experiments/natural-terrain-validation.json","1505","2026-09-10 15:32:28"
"06","Data / report","output/archive/terrain-experiments/natural-terrain-view.json","226","2026-09-10 15:28:14"
"06","Data / report","output/archive/terrain-experiments/visibility-v3-adjustments.json","11053","2026-09-10 15:51:26"
"06","Data / report","output/archive/terrain-experiments/visibility-v3-audit.json","129908","2026-09-10 16:22:22"
"06","Data / report","output/archive/terrain-experiments/visibility-v3-final-checks.json","1110","2026-09-10 16:22:41"
"06","Data / report","output/archive/terrain-experiments/visibility-v3-layout-transforms.json","633","2026-09-10 15:50:59"
"06","Data / report","output/archive/terrain-experiments/visibility-v3-proposed-layout.json","129636","2026-09-10 15:50:59"
"06","Data / report","output/archive/terrain-experiments/visibility-v3-terrain-validation.json","1503","2026-09-10 16:22:26"
"06","Image","output/archive/terrain-experiments/natural-terrain-rhino-G.jpg","79310","2026-09-10 15:34:05"
"06","Image","output/archive/terrain-experiments/natural-terrain-rhino-G.png","110091","2026-09-10 15:33:06"
"06","Image","output/archive/terrain-experiments/natural-terrain-surface-review.png","740379","2026-09-10 15:51:32"
"06","Image","output/archive/terrain-experiments/terrain-before-natural.jpg","15295","2026-09-10 15:27:29"
"06","Image","output/archive/terrain-experiments/visibility-v3-option-I.jpg","74962","2026-09-10 16:22:38"
"06","Rhino model","output/archive/terrain-experiments/three-resort-terrain-options.3dm","4767744","2026-09-10 16:36:20"
"07","Code / configuration","rhino-plugin/ResortTerrain/build-in-rhino.py","2537","2026-09-14 11:59:12"
"07","Code / configuration","rhino-plugin/ResortTerrain/check-current.py","1165","2026-09-14 11:59:12"
"07","Code / configuration","rhino-plugin/ResortTerrain/dist/manifest.yml","209","2026-09-10 16:53:07"
"07","Code / configuration","rhino-plugin/ResortTerrain/install-in-rhino.py","1163","2026-09-14 11:59:12"
"07","Code / configuration","rhino-plugin/ResortTerrain/ResortTerrain.csproj","756","2026-09-10 16:53:38"
"07","Code / configuration","rhino-plugin/ResortTerrain/src/Model.cs","12954","2026-09-10 16:48:27"
"07","Code / configuration","rhino-plugin/ResortTerrain/src/Plugin.cs","8727","2026-09-10 16:53:07"
"07","Code / configuration","rhino-plugin/ResortTerrain/src/SelfTests.cs","8202","2026-09-10 16:50:21"
"07","Code / configuration","rhino-plugin/ResortTerrain/src/Solver.cs","9006","2026-09-10 16:35:14"
"07","Code / configuration","rhino-plugin/ResortTerrain/src/Terrain.cs","5228","2026-09-10 16:49:51"
"07","Code / configuration","rhino-plugin/ResortTerrain/src/Workflow.cs","16737","2026-09-10 16:48:27"
"07","Code / configuration","rhino-plugin/ResortTerrain/test-dialog.py","1146","2026-09-14 11:59:12"
"07","Code / configuration","rhino-plugin/ResortTerrain/test-in-rhino.py","1230","2026-09-14 11:59:12"
"07","Data / report","output/archive/terrain-experiments/resort-plugin-check-command.json","35","2026-09-10 16:53:53"
"07","Data / report","output/archive/terrain-experiments/resort-plugin-commands.json","28","2026-09-10 16:53:53"
"07","Data / report","output/terrain-reports/resort-terrain-20260910-165353-458.json","2380","2026-09-10 16:53:53"
"07","Data / report","output/terrain-reports/resort-terrain-20260910-170700-618.json","2380","2026-09-10 17:07:00"
"07","Data / report","output/terrain-reports/resort-terrain-20260910-170710-361.json","2022","2026-09-10 17:07:10"
"07","Data / report","rhino-plugin/ResortTerrain/build-log.json","747","2026-09-10 16:53:08"
"07","Data / report","rhino-plugin/ResortTerrain/current-model-check.json","2443","2026-09-10 16:50:22"
"07","Data / report","rhino-plugin/ResortTerrain/test-results.json","617","2026-09-10 16:49:53"
"07","Document / other","output/terrain-reports/resort-terrain-20260910-165353-458.txt","1883","2026-09-10 16:53:53"
"07","Document / other","output/terrain-reports/resort-terrain-20260910-170700-618.txt","1883","2026-09-10 17:07:00"
"07","Document / other","output/terrain-reports/resort-terrain-20260910-170710-361.txt","1574","2026-09-10 17:07:10"
"07","Document / other","rhino-plugin/ResortTerrain/dist/README.md","5948","2026-09-10 16:53:07"
"07","Document / other","rhino-plugin/ResortTerrain/README.md","5948","2026-09-10 16:53:07"
"07","Plugin build","rhino-plugin/ResortTerrain/dist/Field.ResortTerrain.rhp","80896","2026-09-10 16:53:08"
"08","Data / report","output/archive/staged-planning/STAGE1_audit_snapshot_2026-09-11.json","119617","2026-09-11 16:32:05"
"08","Data / report","output/archive/staged-planning/STAGE1_diagnostics_2026-09-11.json","3502","2026-09-11 16:57:19"
"08","Data / report","output/archive/staged-planning/STAGE1_orientation_log_2026-09-11.json","14921","2026-09-11 16:55:32"
"08","Data / report","output/archive/staged-planning/STAGE1_per_building_report_2026-09-11.csv","12288","2026-09-11 16:59:52"
"08","Data / report","output/archive/staged-planning/STAGE1B_diagnostics_2026-09-11.json","3510","2026-09-11 17:21:18"
"08","Data / report","output/archive/staged-planning/STAGE1B_orientation_log_2026-09-11.json","12099","2026-09-11 17:18:50"
"08","Data / report","output/archive/staged-planning/STAGE1B_per_building_report_2026-09-11.csv","12288","2026-09-11 17:21:59"
"08","Data / report","output/archive/staged-planning/STAGE1B_terrain_field_2026-09-11.json","670","2026-09-11 17:17:12"
"08","Data / report","output/checks/stage2/STAGE2_orientation_log_40m_2026-09-11.json","12184","2026-09-11 17:34:47"
"08","Data / report","output/checks/stage2/STAGE2_terrain_field_40m_2026-09-11.json","803","2026-09-11 17:34:31"
"08","Data / report","output/checks/stage2/STAGE2v0_final_diagnostics_2026-09-11.json","464","2026-09-11 17:39:34"
"08","Data / report","output/checks/stage2/STAGE2v0_per_building_report_2026-09-11.csv","12288","2026-09-11 17:39:33"
"08","Data / report","output/checks/stage2/STAGE2v0_spacing_report_2026-09-11.json","3632","2026-09-11 17:36:39"
"08","Document / other","output/resort planning.3dm.rhl","47","2026-09-14 11:55:14"
"08","Image","output/archive/staged-planning/STAGE1_images_2026-09-11/oblique_terrain_v2.jpg","28304","2026-09-11 17:22:58"
"08","Image","output/archive/staged-planning/STAGE1_images_2026-09-11/overall_3_options.jpg","24956","2026-09-11 17:02:28"
"08","Image","output/archive/staged-planning/STAGE1_images_2026-09-11/overall_3_options_v2.jpg","39509","2026-09-11 17:22:56"
"08","Image","output/archive/staged-planning/STAGE1_images_2026-09-11/plan_01_GROUPED_A.jpg","31659","2026-09-11 17:02:45"
"08","Image","output/archive/staged-planning/STAGE1_images_2026-09-11/plan_01_v2.jpg","33677","2026-09-11 17:23:13"
"08","Image","output/archive/staged-planning/STAGE1_images_2026-09-11/plan_02_FREE_G.jpg","33739","2026-09-11 17:02:46"
"08","Image","output/archive/staged-planning/STAGE1_images_2026-09-11/plan_02_v2.jpg","45385","2026-09-11 17:23:14"
"08","Image","output/archive/staged-planning/STAGE1_images_2026-09-11/plan_03_FREE_I.jpg","32269","2026-09-11 17:02:47"
"08","Image","output/archive/staged-planning/STAGE1_images_2026-09-11/plan_03_v2.jpg","42473","2026-09-11 17:23:15"
"08","Rhino model","output/archive/staged-planning/resort planning_STAGE1_ORIENTED_2026-09-11.3dm","950272","2026-09-11 17:00:10"
"08","Rhino model","output/archive/staged-planning/resort planning_STAGE1B_ORIENTED_SKETCH_TERRAIN_2026-09-11.3dm","5947392","2026-09-11 17:22:24"
"08","Rhino model","output/resort planning.3dm","6459392","2026-09-11 18:29:54"
"09","Code / configuration","outputs/partial-edit/prepare_crops.py","2714","2026-09-11 17:52:05"
"09","Code / configuration","outputs/partial-edit/server.py","3232","2026-09-11 17:46:07"
"09","Data / report","outputs/partial-edit/alignment/alignment.json","1705","2026-09-11 17:48:36"
"09","Data / report","outputs/partial-edit/alignment-r2/alignment.json","1735","2026-09-11 17:50:55"
"09","Data / report","outputs/partial-edit/geometry.json","536","2026-09-11 17:52:06"
"09","Data / report","outputs/partial-edit/selection.json","173","2026-09-11 17:47:39"
"09","Data / report","outputs/partial-edit/status.json","21","2026-09-11 17:47:39"
"09","Document / other","outputs/partial-edit/editor.html","9245","2026-09-11 17:46:07"
"09","Image","outputs/partial-edit/alignment/aligned-moving.png","1255956","2026-09-11 17:48:36"
"09","Image","outputs/partial-edit/alignment/overlay.png","998361","2026-09-11 17:48:36"
"09","Image","outputs/partial-edit/alignment-r2/aligned-moving.png","740551","2026-09-11 17:50:54"
"09","Image","outputs/partial-edit/alignment-r2/overlay.png","3053280","2026-09-11 17:50:55"
"09","Image","outputs/partial-edit/crop-masked.png","728222","2026-09-11 17:52:06"
"09","Image","outputs/partial-edit/crop-reference.png","125727","2026-09-11 17:52:06"
"09","Image","outputs/partial-edit/plan.png","186671","2026-09-04 13:12:53"
"09","Image","outputs/partial-edit/render.png","3532330","2026-09-08 15:31:47"
"10","Code / configuration","inspect_doc.py","1091","2026-09-11 15:41:54"
"10","Code / configuration","rpc.js","1951","2026-09-11 15:40:39"
"10","Data / report","output/archive/terrain-experiments/cancel-command.json","27","2026-09-10 15:22:23"
"10","Data / report","output/archive/terrain-experiments/list-boundary-args.json","112","2026-09-10 15:20:20"
"10","Data / report","output/archive/terrain-experiments/list-terrain-args.json","71","2026-09-10 15:13:34"
"10","Data / report","output/archive/terrain-experiments/rhino-probe-result.json","275","2026-09-10 15:22:29"
"10","Data / report","output/archive/terrain-experiments/run-probe-command.json","189","2026-09-10 15:16:19"
"10","Data / report","output/archive/terrain-experiments/viewport-args.json","178","2026-09-10 15:12:24"
"10","Document / other","output/archive/terrain-experiments/free-layout-reference/prompts.txt","16236","2026-09-09 18:08:25"
"10","Document / other","output/archive/terrain-experiments/free-layout-reference/Thumbs.db","23040","2026-09-14 11:57:01"
"10","Document / other","output/previews/current-plan-renders/prompts.txt","11057","2026-09-10 11:16:48"
"10","Document / other","output/previews/current-plan-renders/Thumbs.db","88064","2026-09-14 15:50:15"
"10","Document / other","output/previews/phase2-plan-renders/A","2767848","2026-09-14 16:01:46"
"10","Document / other","output/previews/phase2-plan-renders/README.md","1118","2026-09-14 16:04:17"
"10","Document / other","output/previews/phase2-plan-renders/Thumbs.db","53760","2026-09-14 16:06:48"
"10","Document / other","output/README.md","2137","2026-09-14 17:28:13"
"10","Document / other","planning-iterations/image-first-three/_repo_rhinomcp/.git/config","303","2026-09-10 12:09:40"
"10","Document / other","planning-iterations/image-first-three/_repo_rhinomcp/.git/description","73","2026-09-10 12:09:36"
"10","Document / other","planning-iterations/image-first-three/_repo_rhinomcp/.git/HEAD","21","2026-09-10 12:09:40"
"10","Document / other","planning-iterations/image-first-three/_repo_rhinomcp/.git/hooks/applypatch-msg.sample","478","2026-09-10 12:09:36"
"10","Document / other","planning-iterations/image-first-three/_repo_rhinomcp/.git/hooks/commit-msg.sample","896","2026-09-10 12:09:36"
"10","Document / other","planning-iterations/image-first-three/_repo_rhinomcp/.git/hooks/fsmonitor-watchman.sample","4726","2026-09-10 12:09:36"
"10","Document / other","planning-iterations/image-first-three/_repo_rhinomcp/.git/hooks/post-update.sample","189","2026-09-10 12:09:36"
"10","Document / other","planning-iterations/image-first-three/_repo_rhinomcp/.git/hooks/pre-applypatch.sample","424","2026-09-10 12:09:36"
"10","Document / other","planning-iterations/image-first-three/_repo_rhinomcp/.git/hooks/pre-commit.sample","1649","2026-09-10 12:09:36"
"10","Document / other","planning-iterations/image-first-three/_repo_rhinomcp/.git/hooks/pre-merge-commit.sample","416","2026-09-10 12:09:36"
"10","Document / other","planning-iterations/image-first-three/_repo_rhinomcp/.git/hooks/prepare-commit-msg.sample","1492","2026-09-10 12:09:37"
"10","Document / other","planning-iterations/image-first-three/_repo_rhinomcp/.git/hooks/pre-push.sample","1374","2026-09-10 12:09:36"
"10","Document / other","planning-iterations/image-first-three/_repo_rhinomcp/.git/hooks/pre-rebase.sample","4898","2026-09-10 12:09:36"
"10","Document / other","planning-iterations/image-first-three/_repo_rhinomcp/.git/hooks/pre-receive.sample","544","2026-09-10 12:09:37"
"10","Document / other","planning-iterations/image-first-three/_repo_rhinomcp/.git/hooks/push-to-checkout.sample","2783","2026-09-10 12:09:37"
"10","Document / other","planning-iterations/image-first-three/_repo_rhinomcp/.git/hooks/sendemail-validate.sample","2308","2026-09-10 12:09:37"
"10","Document / other","planning-iterations/image-first-three/_repo_rhinomcp/.git/hooks/update.sample","3650","2026-09-10 12:09:37"
"10","Document / other","planning-iterations/image-first-three/_repo_rhinomcp/.git/index","289","2026-09-10 12:09:41"
"10","Document / other","planning-iterations/image-first-three/_repo_rhinomcp/.git/info/exclude","240","2026-09-10 12:09:37"
"10","Document / other","planning-iterations/image-first-three/_repo_rhinomcp/.git/logs/HEAD","181","2026-09-10 12:09:40"
"10","Document / other","planning-iterations/image-first-three/_repo_rhinomcp/.git/logs/refs/heads/main","181","2026-09-10 12:09:40"
"10","Document / other","planning-iterations/image-first-three/_repo_rhinomcp/.git/logs/refs/remotes/origin/HEAD","181","2026-09-10 12:09:40"
"10","Document / other","planning-iterations/image-first-three/_repo_rhinomcp/.git/objects/pack/pack-a9ee9ef58ec540ee33502d3520bbb06e7309ebe2.idx","1184","2026-09-10 12:09:40"
"10","Document / other","planning-iterations/image-first-three/_repo_rhinomcp/.git/objects/pack/pack-a9ee9ef58ec540ee33502d3520bbb06e7309ebe2.pack","1293","2026-09-10 12:09:40"
"10","Document / other","planning-iterations/image-first-three/_repo_rhinomcp/.git/objects/pack/pack-a9ee9ef58ec540ee33502d3520bbb06e7309ebe2.rev","68","2026-09-10 12:09:40"
"10","Document / other","planning-iterations/image-first-three/_repo_rhinomcp/.git/packed-refs","112","2026-09-10 12:09:40"
"10","Document / other","planning-iterations/image-first-three/_repo_rhinomcp/.git/refs/heads/main","41","2026-09-10 12:09:40"
"10","Document / other","planning-iterations/image-first-three/_repo_rhinomcp/.git/refs/remotes/origin/HEAD","30","2026-09-10 12:09:40"
"10","Document / other","planning-iterations/image-first-three/_repo_rhinomcp/.git/shallow","41","2026-09-10 12:09:40"
"10","Document / other","planning-iterations/image-first-three/_repo_rhinomcp/404.html","547","2026-09-10 12:09:41"
"10","Document / other","planning-iterations/image-first-three/_repo_rhinomcp/index.html","547","2026-09-10 12:09:41"
"10","Document / other","planning-iterations/image-first-three/_repo_rhinomcp/README.md","64","2026-09-10 12:09:41"
"10","Document / other","SCRIPTS.md","4141","2026-09-14 17:28:13"
"10","Image","output/archive/terrain-experiments/current-live-perspective.jpg","15295","2026-09-10 15:12:52"
"10","Image","output/archive/terrain-experiments/free-layout-reference/G-woodland.png","2167529","2026-09-09 18:05:31"
"10","Image","output/archive/terrain-experiments/free-layout-reference/H-hillside.png","2292396","2026-09-09 18:09:40"
"10","Image","output/archive/terrain-experiments/free-layout-reference/I-garden.png","2408472","2026-09-09 17:49:57"
"10","Image","output/archive/terrain-experiments/port-2000-origin-square.jpg","16085","2026-09-10 14:01:13"
"10","Image","output/previews/current-plan-renders/A-grouped-current.png","2625473","2026-09-10 11:09:31"
"10","Image","output/previews/current-plan-renders/G-free-current.png","2512919","2026-09-10 11:14:34"
"10","Image","output/previews/current-plan-renders/I-free-current.png","2790162","2026-09-10 11:15:40"
"10","Image","output/previews/current-plan-renders/rhino-A.jpg","28711","2026-09-10 11:03:43"
"10","Image","output/previews/current-plan-renders/rhino-G.jpg","28704","2026-09-10 11:03:43"
"10","Image","output/previews/current-plan-renders/rhino-I.jpg","27665","2026-09-10 11:03:43"
"10","Image","output/previews/phase2-plan-renders/A-geometry-guide.png","58633","2026-09-14 15:56:44"
"10","Image","output/previews/phase2-plan-renders/A-phase2.png","2767848","2026-09-14 15:58:37"
"10","Image","output/previews/phase2-plan-renders/G-geometry-guide.png","60194","2026-09-14 15:56:44"
"10","Image","output/previews/phase2-plan-renders/G-phase2.png","2745848","2026-09-14 15:59:58"
"10","Image","output/previews/phase2-plan-renders/I-geometry-guide.png","59426","2026-09-14 15:56:44"
"10","Image","output/previews/phase2-plan-renders/I-phase2.png","2969201","2026-09-14 16:03:43"
"10","Recovery","output/_backups/resort planning.3dmbak","4689920","2026-09-11 18:29:57"
"10","Recovery","output/_backups/RHI3370.tmp","4743168","2026-09-10 15:53:00"
"10","Recovery","output/_backups/RHI3FD1.tmp","4706304","2026-09-10 15:57:26"
"10","Recovery","output/_backups/RHI87F7.tmp","4706304","2026-09-10 15:57:44"
"10","Recovery","output/_backups/RHI941F.tmp","880640","2026-09-10 13:54:21"
"10","Recovery","output/_backups/three-resort-terrain-options.3dmbak","4808704","2026-09-10 16:22:40"
"10","Recovery","output/_backups/three-resort-terrain-options-before-visibility-v3.3dmbak","4763648","2026-09-10 16:22:23"
"10","Recovery","planning-iterations/image-first-three/three-image-first-layouts.3dmbak","36515840","2026-09-09 15:44:59"
"10","Rhino model","output/_backups/resort planning_BACKUP_2026-09-11_pre-stage1.3dm","794624","2026-09-11 16:32:58"
"10","Rhino model","output/_backups/three-resort-terrain-options-before-natural-grading.3dm","1441792","2026-09-10 15:32:25"
"10","Rhino model","output/_backups/three-resort-terrain-options-before-visibility-v3.3dm","4857856","2026-09-10 16:22:20"
"11","Code / configuration","phase2/checker.py","1920","2026-09-14 14:32:26"
"11","Code / configuration","phase2/geometry.py","3354","2026-09-14 14:32:26"
"11","Code / configuration","phase2/model_geometry.py","14177","2026-09-14 14:44:39"
"11","Code / configuration","phase2/run_phase2.py","5137","2026-09-14 14:47:03"
"11","Code / configuration","phase2/solver.py","5643","2026-09-14 14:32:26"
"11","Code / configuration","phase2/tests/rhino_integration.py","7185","2026-09-14 14:44:00"
"11","Code / configuration","phase2/tests/test_phase2.py","3342","2026-09-14 14:36:09"
"11","Data / report","output/checks/phase2/20260914-143915-064904/report.json","396408","2026-09-14 14:39:15"
"11","Data / report","output/checks/phase2/integration-20260914-144100/tests.json","711","2026-09-14 14:41:01"
"11","Data / report","output/checks/phase2/integration-20260914-144442/tests.json","807","2026-09-14 14:44:49"
"11","Document / other","output/checks/phase2/20260914-143915-064904/0b0340ce-1d04-4091-a8bb-19e0fcdafe8f.svg","11520","2026-09-14 14:39:15"
"11","Document / other","output/checks/phase2/20260914-143915-064904/0cb74199-2110-4dcd-9c1b-020b6b2f3ffd.svg","11481","2026-09-14 14:39:15"
"11","Document / other","output/checks/phase2/20260914-143915-064904/1bc22989-bcac-49f9-ab24-043a1ced3e9e.svg","11520","2026-09-14 14:39:15"
"11","Document / other","output/checks/phase2/20260914-143915-064904/5c727e6c-44ba-4c8b-8b61-498233663b52.svg","11481","2026-09-14 14:39:15"
"11","Document / other","output/checks/phase2/20260914-143915-064904/d5771089-0cee-4904-ae2c-510d88e2f985.svg","11505","2026-09-14 14:39:15"
"11","Document / other","output/checks/phase2/20260914-143915-064904/d8a98b7f-7450-4503-bcf9-33b1a566231a.svg","11505","2026-09-14 14:39:15"
"11","Document / other","output/checks/phase2/20260914-143915-064904/index.html","1932","2026-09-14 14:48:50"
"11","Document / other","output/checks/phase2/README.md","1432","2026-09-14 14:48:50"
"11","Document / other","phase2/__pycache__/checker.cpython-312.pyc","3595","2026-09-14 14:36:10"
"11","Document / other","phase2/__pycache__/checker.cpython-39.pyc","1933","2026-09-14 14:36:12"
"11","Document / other","phase2/__pycache__/geometry.cpython-312.pyc","10192","2026-09-14 14:36:10"
"11","Document / other","phase2/__pycache__/geometry.cpython-39.pyc","6589","2026-09-14 14:36:12"
"11","Document / other","phase2/__pycache__/model_geometry.cpython-39.pyc","17763","2026-09-14 14:44:42"
"11","Document / other","phase2/__pycache__/solver.cpython-312.pyc","11037","2026-09-14 14:36:10"
"11","Document / other","phase2/__pycache__/solver.cpython-39.pyc","6495","2026-09-14 14:36:12"
"11","Document / other","phase2/README.md","5404","2026-09-14 15:31:07"
"11","Document / other","phase2/tests/__pycache__/test_phase2.cpython-312.pyc","9135","2026-09-14 14:36:10"
"11","Rhino model","output/checks/phase2/integration-20260914-144100/before-phase2-bf859109-6888-4407-b7e2-f30731024474.3dm","32768","2026-09-14 14:41:00"
"11","Rhino model","output/checks/phase2/integration-20260914-144100/before-phase2-ca0b5bf5-544a-43dc-b012-62bea81688d0.3dm","32768","2026-09-14 14:41:00"
"11","Rhino model","output/checks/phase2/integration-20260914-144442/before-phase2-257c30af-724a-4526-a08e-0b606160d77f.3dm","8491008","2026-09-14 14:44:47"
"11","Rhino model","output/checks/phase2/integration-20260914-144442/before-phase2-66499602-b556-4e51-b5a8-5aa05f3f7891.3dm","32768","2026-09-14 14:44:42"
"11","Rhino model","output/checks/phase2/integration-20260914-144442/before-phase2-9d61fddd-e377-4531-8ae6-6c21df849aa8.3dm","32768","2026-09-14 14:44:42"
"11","Rhino model","output/checks/phase2/integration-20260914-144442/live-model-test-copy.3dm","8589312","2026-09-14 14:44:44"
"12","Code / configuration","view_elevation/core.py","9325","2026-09-14 15:21:56"
"12","Code / configuration","view_elevation/export_rhino.py","2202","2026-09-14 15:21:56"
"12","Code / configuration","view_elevation/render_plan_guides.py","1607","2026-09-14 15:56:43"
"12","Code / configuration","view_elevation/run.py","3496","2026-09-14 15:24:00"
"12","Code / configuration","view_elevation/tests/test_views.py","2592","2026-09-14 15:25:37"
"12","Code / configuration","view_elevation/verify.py","3080","2026-09-14 15:24:00"
"12","Data / report","output/checks/view-elevation/20260914-152538/report.json","2400693","2026-09-14 15:26:22"
"12","Data / report","output/checks/view-elevation/input-20260914-152159.json","711142","2026-09-14 15:21:59"
"12","Data / report","output/checks/view-elevation/input-20260914-153018.json","711142","2026-09-14 15:30:19"
"12","Document / other","output/checks/view-elevation/20260914-152538/index.html","791384","2026-09-14 15:31:37"
"12","Document / other","output/checks/view-elevation/20260914-152538/viewer-fragment.html","790415","2026-09-14 15:31:37"
"12","Document / other","view_elevation/__pycache__/core.cpython-312.pyc","22101","2026-09-14 15:24:01"
"12","Document / other","view_elevation/__pycache__/verify.cpython-312.pyc","8263","2026-09-14 15:24:01"
"12","Document / other","view_elevation/README.md","3214","2026-09-14 15:31:07"
"12","Document / other","view_elevation/tests/__pycache__/test_views.cpython-312.pyc","8073","2026-09-14 15:25:38"
"12","Document / other","view_elevation/viewer.html","7624","2026-09-14 15:31:07"
"13","Code / configuration","phase0/preview.py","2160","2026-09-14 17:26:37"
"13","Code / configuration","phase0/run.py","4831","2026-09-14 17:26:37"
"13","Code / configuration","phase0/tests/test_phase0.py","1624","2026-09-14 17:28:13"
"13","Data / report","output/checks/phase0/20260914-172638/report.json","1540991","2026-09-14 17:26:51"
"13","Document / other","output/checks/phase0/20260914-172638/index.html","673","2026-09-14 17:26:51"
"13","Document / other","phase0/__pycache__/preview.cpython-312.pyc","4748","2026-09-14 17:26:51"
"13","Document / other","phase0/__pycache__/run.cpython-312.pyc","10225","2026-09-14 17:28:14"
"13","Document / other","phase0/README.md","2864","2026-09-14 17:28:13"
"13","Document / other","phase0/tests/__pycache__/test_phase0.cpython-312.pyc","4422","2026-09-14 17:28:14"
"13","Image","output/checks/phase0/20260914-172638/parallel.png","72151","2026-09-14 17:26:51"
"13","Image","output/checks/phase0/20260914-172638/staggered.png","73369","2026-09-14 17:26:51"
